"Test","RiskLevel","Phase","Expected","Actual","Status","PolicyWorking","PolicyName","Notes"
"Purge Protection","HIGH","Phase 3","Blocked","Blocked","✅ PASS","True","Unknown","Deny mode working correctly"
"Firewall Required","MEDIUM","Phase 2","Blocked","Blocked","✅ PASS","True","Unknown","Deny mode working correctly"
"RBAC Required","MEDIUM","Phase 2","Blocked","Blocked","✅ PASS","True","Unknown","Deny mode working correctly"
"Compliant Vault","BASELINE","All","Created","Created","✅ PASS","True",,"Production-ready: Purge protection, RBAC, Soft delete (90d), Public access disabled (ARM template)"
"Keys Expiration","MEDIUM","Phase 2","Blocked","Blocked","✅ PASS","True","Unknown","Deny mode working correctly"
"Secrets Expiration","MEDIUM","Phase 2","Blocked","Blocked","✅ PASS","True","Unknown","Deny mode working correctly"
"RSA Key Size","MEDIUM","Phase 2","Blocked","Blocked","✅ PASS","True","Unknown","Deny mode working correctly"
"Cert Max Validity","MEDIUM","Phase 2","Blocked","Blocked","✅ PASS","True","Unknown","Deny mode working correctly"
"Cert Min Validity","MEDIUM","Phase 2","Blocked","Blocked","✅ PASS","True","Unknown","Deny mode working correctly"
